瑞浦兰钧网络设备信息清单,,,,,,,,,,,,
NO,品牌,IP地址,设备名称,设备位置,设备类型,设备型号,console密码,WEB/telnet账号,WEB/telnet密码,MAC,Serial Number,备注
1,华为,192.168.10.252,路由器,B1F,路由器,AR6121EC-S,UPdate@2024,admin,UPdate@2024,,,
2,华为,192.168.10.253,防火墙,B1F,防火墙,USG6555E,UPdate@2024,admin,UPdate@2024,,,
3,华为,192.168.10.254,核心交换机,B1F,核心交换机,S5731S-S32ST4X-A,UPdate@2024,admin,UPdate@2024,,,
4,华为,192.168.10.251,无线控制器,B1F,无线控制器,AirEngine 9700S-S,UPdate@2024,admin,UPdate@2024,,,
5,华为,,,,,,,,,,,
6,华为,,,,,,,,,,,
7,华为,,,,,,,,,,,
,,,,,,,,,,,,
,,,,,,,,,,,,
,,,,,,,,,,,,
,,,,,,,,,,,,
,,,,,,,,,,,,
,,,,,,,,,,,,
,,,,,,,,,,,,
,,,,,,,,,,,,
,,,,,,,,,,,,
,,,,,,,,,,,,
,,,,,,,,,,,,
,,,,,,,,,,,,
,,,,,,,,,,,,
,,,,,,,,,,,,
,,,,,,,,,,,,
,,,,,,,,,,,,
,,,,,,,,,,,,
,,,,,,,,,,,,
,,,,,,,,,,,,
,,,,,,,,,,,,
,,,,,,,,,,,,
,,,,,,,,,,,,
,,,,,,,,,,,,
